Ethnicity,Status,Age,Threshold,PRS only,PRS + Gail,Gail only,PRS + FH,All,Gail + FH,FH only,All PRS,All Gail,All FH,auc.Gail,auc.PRS,n,AgeEthnicity
Asian,0,<50,0.5,636,1099,626,1,106,88,45,1842,1919,240,NA,NA,3822,<50 & Asian
Asian,0,<50,0.6,649,672,617,1,83,101,55,1405,1473,240,NA,NA,3822,<50 & Asian
Asian,0,<50,0.7,826,172,258,1,68,104,67,1067,602,240,NA,NA,3822,<50 & Asian
Asian,0,<50,0.8,707,72,150,3,47,109,81,829,378,240,NA,NA,3822,<50 & Asian
Asian,0,<50,0.9,573,3,12,3,34,108,95,613,157,240,NA,NA,3822,<50 & Asian
Asian,0,<50,1,448,0,0,2,25,114,99,475,139,240,NA,NA,3822,<50 & Asian
Asian,0,<50,1.1,335,0,0,4,18,102,116,357,120,240,NA,NA,3822,<50 & Asian
Asian,0,<50,1.2,254,0,0,5,14,95,126,273,109,240,NA,NA,3822,<50 & Asian
Asian,0,<50,1.3,204,0,0,3,11,89,137,218,100,240,NA,NA,3822,<50 & Asian
Asian,0,<50,1.4,155,0,0,4,7,65,164,166,72,240,NA,NA,3822,<50 & Asian
Asian,0,<50,1.5,131,0,0,1,1,40,198,133,41,240,NA,NA,3822,<50 & Asian
Asian,0,<50,1.6,110,0,0,1,1,30,208,112,31,240,NA,NA,3822,<50 & Asian
Asian,0,<50,1.7,80,0,0,1,0,29,210,81,29,240,NA,NA,3822,<50 & Asian
Asian,0,<50,1.8,70,0,0,1,0,21,218,71,21,240,NA,NA,3822,<50 & Asian
Asian,0,<50,1.9,50,0,0,1,0,13,226,51,13,240,NA,NA,3822,<50 & Asian
Asian,0,<50,2,41,0,0,1,0,1,238,42,1,240,NA,NA,3822,<50 & Asian
Asian,0,<50,2.1,34,0,0,1,0,0,239,35,0,240,NA,NA,3822,<50 & Asian
Asian,0,<50,2.2,29,0,0,1,0,0,239,30,0,240,NA,NA,3822,<50 & Asian
Asian,0,<50,2.3,26,0,0,1,0,0,239,27,0,240,NA,NA,3822,<50 & Asian
Asian,0,<50,2.4,20,0,0,1,0,0,239,21,0,240,NA,NA,3822,<50 & Asian
Asian,0,<50,2.5,18,0,0,1,0,0,239,19,0,240,NA,NA,3822,<50 & Asian
Asian,0,50+,0.5,648,2562,767,1,231,52,0,3442,3612,284,NA,NA,4525,50+ & Asian
Asian,0,50+,0.6,1003,1742,875,4,192,87,1,2941,2896,284,NA,NA,4525,50+ & Asian
Asian,0,50+,0.7,1231,1079,833,4,161,115,4,2475,2188,284,NA,NA,4525,50+ & Asian
Asian,0,50+,0.8,1368,545,592,7,138,131,8,2058,1406,284,NA,NA,4525,50+ & Asian
Asian,0,50+,0.9,1385,198,288,4,114,151,15,1701,751,284,NA,NA,4525,50+ & Asian
Asian,0,50+,1,1199,106,197,10,89,154,31,1404,546,284,NA,NA,4525,50+ & Asian
Asian,0,50+,1.1,1037,43,71,11,74,159,40,1165,347,284,NA,NA,4525,50+ & Asian
Asian,0,50+,1.2,873,9,23,9,62,170,43,953,264,284,NA,NA,4525,50+ & Asian
Asian,0,50+,1.3,742,4,3,10,50,161,63,806,218,284,NA,NA,4525,50+ & Asian
Asian,0,50+,1.4,631,0,0,13,35,146,90,679,181,284,NA,NA,4525,50+ & Asian
Asian,0,50+,1.5,541,0,0,13,26,144,101,580,170,284,NA,NA,4525,50+ & Asian
Asian,0,50+,1.6,446,0,0,12,22,131,119,480,153,284,NA,NA,4525,50+ & Asian
Asian,0,50+,1.7,375,0,0,11,14,117,142,400,131,284,NA,NA,4525,50+ & Asian
Asian,0,50+,1.8,324,0,0,14,7,81,182,345,88,284,NA,NA,4525,50+ & Asian
Asian,0,50+,1.9,259,0,0,12,6,63,203,277,69,284,NA,NA,4525,50+ & Asian
Asian,0,50+,2,215,0,0,12,3,43,226,230,46,284,NA,NA,4525,50+ & Asian
Asian,0,50+,2.1,183,0,0,12,3,30,239,198,33,284,NA,NA,4525,50+ & Asian
Asian,0,50+,2.2,157,0,0,12,3,23,246,172,26,284,NA,NA,4525,50+ & Asian
Asian,0,50+,2.3,135,0,0,9,2,16,257,146,18,284,NA,NA,4525,50+ & Asian
Asian,0,50+,2.4,120,0,0,8,2,10,264,130,12,284,NA,NA,4525,50+ & Asian
Asian,0,50+,2.5,102,0,0,9,1,4,270,112,5,284,NA,NA,4525,50+ & Asian
Asian,1,<50,0.5,962,1246,454,14,303,129,69,2525,2132,515,0.521007729143249,0.531469501581716,4634,<50 & Asian
Asian,1,<50,0.6,948,866,468,20,249,150,96,2083,1733,515,0.505712673170593,0.540947543321302,4634,<50 & Asian
Asian,1,<50,0.7,1262,252,218,26,202,164,123,1742,836,515,0.511448269756427,0.548371963240327,4634,<50 & Asian
Asian,1,<50,0.8,1099,122,153,43,148,166,158,1412,589,515,0.514101457454932,0.543901106805725,4634,<50 & Asian
Asian,1,<50,0.9,1006,3,22,41,119,168,187,1169,312,515,0.513125236,0.545939314605694,4634,<50 & Asian
Asian,1,<50,1,834,0,0,39,97,169,210,970,266,515,0.510516709588786,0.542520959115694,4634,<50 & Asian
Asian,1,<50,1.1,652,0,0,40,69,152,254,761,221,515,0.508146902730416,0.535407190996315,4634,<50 & Asian
Asian,1,<50,1.2,524,0,0,38,52,147,278,614,199,515,0.507212180712396,0.530535174794993,4634,<50 & Asian
Asian,1,<50,1.3,434,0,0,36,35,141,303,505,176,515,0.505907917431439,0.525969462849049,4634,<50 & Asian
Asian,1,<50,1.4,357,0,0,44,15,91,365,416,106,515,0.502018051003808,0.523169249,4634,<50 & Asian
Asian,1,<50,1.5,290,0,0,38,6,58,413,334,64,515,0.50154179729061,0.518638712747474,4634,<50 & Asian
Asian,1,<50,1.6,241,0,0,34,5,52,424,280,57,515,0.502094725875477,0.515559465710523,4634,<50 & Asian
Asian,1,<50,1.7,196,0,0,31,4,43,437,231,47,515,0.501277387552744,0.514327924988262,4634,<50 & Asian
Asian,1,<50,1.8,152,0,0,28,3,24,460,183,27,515,0.500165997144849,0.510457029662899,4634,<50 & Asian
Asian,1,<50,1.9,133,0,0,27,1,17,470,161,18,515,0.500241486322626,0.510699701679417,4634,<50 & Asian
Asian,1,<50,2,109,0,0,18,0,4,493,127,4,515,0.500300771017215,0.508208558812788,4634,<50 & Asian
Asian,1,<50,2.1,86,0,0,14,0,0,501,100,0,515,0.5,0.506211059836438,4634,<50 & Asian
Asian,1,<50,2.2,70,0,0,12,0,0,503,82,0,515,0.5,0.504923001038668,4634,<50 & Asian
Asian,1,<50,2.3,56,0,0,10,0,0,505,66,0,515,0.5,0.503589095410416,4634,<50 & Asian
Asian,1,<50,2.4,39,0,0,9,0,0,506,48,0,515,0.5,0.50243185817204,4634,<50 & Asian
Asian,1,<50,2.5,34,0,0,7,0,0,508,41,0,515,0.5,0.501938214,4634,<50 & Asian
Asian,1,50+,0.5,674,2765,470,2,491,66,0,3932,3792,559,0.514135939539611,0.548177662602899,4588,50+ & Asian
Asian,1,50+,0.6,1021,2062,621,7,441,110,1,3531,3234,559,0.532441150828248,0.559835819601458,4588,50+ & Asian
Asian,1,50+,0.7,1343,1396,643,15,396,143,5,3150,2578,559,0.539182349342749,0.569806172238894,4588,50+ & Asian
Asian,1,50+,0.8,1602,791,495,20,336,177,26,2749,1799,559,0.540695809871536,0.572182561281652,4588,50+ & Asian
Asian,1,50+,0.9,1732,312,293,29,282,210,38,2355,1097,559,0.536567577201154,0.568691975704095,4588,50+ & Asian
Asian,1,50+,1,1579,185,237,40,234,226,59,2038,882,559,0.535788822149542,0.566963011844495,4588,50+ & Asian
Asian,1,50+,1.1,1451,63,101,51,181,245,82,1746,590,559,0.525955627700415,0.56154970689813,4588,50+ & Asian
Asian,1,50+,1.2,1303,10,17,53,150,261,95,1516,438,559,0.518561946369824,0.559909733294157,4588,50+ & Asian
Asian,1,50+,1.3,1108,2,3,56,110,262,131,1276,377,559,0.516997042488933,0.549997639771299,4588,50+ & Asian
Asian,1,50+,1.4,949,0,0,67,78,238,176,1094,316,559,0.514437663469921,0.544196438463058,4588,50+ & Asian
Asian,1,50+,1.5,795,0,0,69,61,225,204,925,286,559,0.512383734652492,0.536718054,4588,50+ & Asian
Asian,1,50+,1.6,706,0,0,63,53,215,228,822,268,559,0.512300548632753,0.536542842967723,4588,50+ & Asian
Asian,1,50+,1.7,613,0,0,60,39,183,277,712,222,559,0.50971841026555,0.533394827727389,4588,50+ & Asian
Asian,1,50+,1.8,548,0,0,64,23,142,330,635,165,559,0.508257934462711,0.53108072,4588,50+ & Asian
Asian,1,50+,1.9,465,0,0,63,12,105,379,540,117,559,0.505126344,0.528241436945768,4588,50+ & Asian
Asian,1,50+,2,418,0,0,57,9,89,404,484,98,559,0.505597161945406,0.527331930040895,4588,50+ & Asian
Asian,1,50+,2.1,363,0,0,49,9,70,431,421,79,559,0.504963007027701,0.524002104938658,4588,50+ & Asian
Asian,1,50+,2.2,310,0,0,46,6,56,451,362,62,559,0.503883828579961,0.520445216201766,4588,50+ & Asian
Asian,1,50+,2.3,264,0,0,41,5,44,469,310,49,559,0.503351067160549,0.517651187,4588,50+ & Asian
Asian,1,50+,2.4,239,0,0,38,4,28,489,281,32,559,0.502161391475239,0.516258724416807,4588,50+ & Asian
Asian,1,50+,2.5,207,0,0,38,0,12,509,245,12,559,0.50075527318443,0.514324396576223,4588,50+ & Asian
Asian,2,<50,0.5,102,116,45,6,41,25,9,265,227,81,0.524046572475144,0.524026687598116,500,<50 & Asian
Asian,2,<50,0.6,112,75,44,7,29,31,14,223,179,81,0.513700156985871,0.539195709,500,<50 & Asian
Asian,2,<50,0.7,135,20,16,8,25,28,20,188,89,81,0.510245421245421,0.548413396127682,500,<50 & Asian
Asian,2,<50,0.8,117,9,10,9,21,28,23,156,68,81,0.518549450549451,0.547548927263213,500,<50 & Asian
Asian,2,<50,0.9,101,0,1,8,16,29,28,125,46,81,0.525461015175301,0.544806384092098,500,<50 & Asian
Asian,2,<50,1,83,0,0,9,11,29,32,103,40,81,0.521815803244375,0.540859759288331,500,<50 & Asian
Asian,2,<50,1.1,68,0,0,11,7,27,36,86,34,81,0.518301412872841,0.539296703296703,500,<50 & Asian
Asian,2,<50,1.2,59,0,0,9,7,23,42,75,30,81,0.515740450026164,0.539285714285714,500,<50 & Asian
Asian,2,<50,1.3,48,0,0,8,5,21,47,61,26,81,0.512917844060701,0.532480900052329,500,<50 & Asian
Asian,2,<50,1.4,36,0,0,9,3,12,57,48,15,81,0.505580847723705,0.526283621,500,<50 & Asian
Asian,2,<50,1.5,26,0,0,6,1,7,67,33,8,81,0.502636316064887,0.515600732600733,500,<50 & Asian
Asian,2,<50,1.6,21,0,0,6,1,6,68,28,7,81,0.502944531658817,0.513347985347985,500,<50 & Asian
Asian,2,<50,1.7,19,0,0,6,1,6,68,26,7,81,0.503206174777603,0.515403454,500,<50 & Asian
Asian,2,<50,1.8,18,0,0,6,1,5,69,25,6,81,0.503252747252747,0.515711669283098,500,<50 & Asian
Asian,2,<50,1.9,16,0,0,5,0,1,75,21,1,81,0.500700680272109,0.514328100470958,500,<50 & Asian
Asian,2,<50,2,12,0,0,5,0,0,76,17,0,81,0.500130822,0.511505494505495,500,<50 & Asian
Asian,2,<50,2.1,10,0,0,4,0,0,77,14,0,81,0.5,0.509421245421246,500,<50 & Asian
Asian,2,<50,2.2,9,0,0,3,0,0,78,12,0,81,0.5,0.50807535321821,500,<50 & Asian
Asian,2,<50,2.3,6,0,0,3,0,0,78,9,0,81,0.5,0.505467817896389,500,<50 & Asian
Asian,2,<50,2.4,6,0,0,3,0,0,78,9,0,81,0.5,0.506252747252747,500,<50 & Asian
Asian,2,<50,2.5,6,0,0,3,0,0,78,9,0,81,0.5,0.506514390371533,500,<50 & Asian
Asian,2,50+,0.5,92,267,38,2,57,13,0,418,375,72,0.508491022099448,0.55508517495396,480,50+ & Asian
Asian,2,50+,0.6,119,218,46,4,53,15,0,394,332,72,0.525833333333333,0.585444290976059,480,50+ & Asian
Asian,2,50+,0.7,158,157,46,6,46,19,1,367,268,72,0.537398710865562,0.608811003683241,480,50+ & Asian
Asian,2,50+,0.8,192,89,43,8,35,25,4,324,192,72,0.544640883977901,0.610096685,480,50+ & Asian
Asian,2,50+,0.9,212,38,30,7,28,31,6,285,127,72,0.549308241,0.608919198895028,480,50+ & Asian
Asian,2,50+,1,203,20,24,6,26,31,9,255,101,72,0.544876841620626,0.610486878453039,480,50+ & Asian
Asian,2,50+,1.1,191,10,12,8,20,34,10,229,76,72,0.540824125230203,0.609812384898711,480,50+ & Asian
Asian,2,50+,1.2,180,2,4,7,18,35,12,207,59,72,0.532287062615101,0.610321132596685,480,50+ & Asian
Asian,2,50+,1.3,157,0,0,8,16,32,16,181,48,72,0.525911602209945,0.599480893186004,480,50+ & Asian
Asian,2,50+,1.4,129,0,0,7,14,30,21,150,44,72,0.525833333333333,0.581222375690608,480,50+ & Asian
Asian,2,50+,1.5,114,0,0,6,14,27,25,134,41,72,0.523923803,0.575494935543278,480,50+ & Asian
Asian,2,50+,1.6,96,0,0,8,10,26,28,114,36,72,0.520593922651934,0.565711325966851,480,50+ & Asian
Asian,2,50+,1.7,83,0,0,7,8,25,32,98,33,72,0.519899862,0.557884438305709,480,50+ & Asian
Asian,2,50+,1.8,77,0,0,9,4,16,43,90,20,72,0.511109576427256,0.555628453,480,50+ & Asian
Asian,2,50+,1.9,69,0,0,10,2,9,51,81,11,72,0.503834023941068,0.55376726519337,480,50+ & Asian
Asian,2,50+,2,60,0,0,11,0,6,55,71,6,72,0.501167127071823,0.548543968692449,480,50+ & Asian
Asian,2,50+,2.1,57,0,0,9,0,6,57,66,6,72,0.502603591,0.546871547,480,50+ & Asian
Asian,2,50+,2.2,47,0,0,8,0,5,59,55,5,72,0.502335405156538,0.538286141804788,480,50+ & Asian
Asian,2,50+,2.3,42,0,0,7,0,3,62,49,3,72,0.501136049723757,0.534909069981584,480,50+ & Asian
Asian,2,50+,2.4,37,0,0,7,0,2,63,44,2,72,0.500757366482505,0.531468692449355,480,50+ & Asian
Asian,2,50+,2.5,30,0,0,7,0,2,63,37,2,72,0.501530847,0.526165976058932,480,50+ & Asian
European,0,<50,0.5,575,6822,5269,19,1089,643,94,8505,13823,1845,NA,NA,17082,<50 & European
European,0,<50,0.6,1185,4545,5512,35,841,825,144,6606,11723,1845,NA,NA,17082,<50 & European
European,0,<50,0.7,1446,2973,5011,47,642,931,225,5108,9557,1845,NA,NA,17082,<50 & European
European,0,<50,0.8,1607,1779,4068,62,486,989,308,3934,7322,1845,NA,NA,17082,<50 & European
European,0,<50,0.9,1638,979,3028,54,351,1048,392,3022,5406,1845,NA,NA,17082,<50 & European
European,0,<50,1,1576,431,1846,57,268,1026,494,2332,3571,1845,NA,NA,17082,<50 & European
European,0,<50,1.1,1339,181,1059,55,209,977,604,1784,2426,1845,NA,NA,17082,<50 & European
European,0,<50,1.2,1094,67,506,52,156,944,693,1369,1673,1845,NA,NA,17082,<50 & European
European,0,<50,1.3,902,12,126,47,113,904,781,1074,1155,1845,NA,NA,17082,<50 & European
European,0,<50,1.4,716,4,61,38,91,837,879,849,993,1845,NA,NA,17082,<50 & European
European,0,<50,1.5,574,1,25,37,61,749,998,673,836,1845,NA,NA,17082,<50 & European
European,0,<50,1.6,453,1,20,35,42,588,1180,531,651,1845,NA,NA,17082,<50 & European
European,0,<50,1.7,370,0,16,37,28,412,1368,435,456,1845,NA,NA,17082,<50 & European
European,0,<50,1.8,295,0,15,36,17,256,1536,348,288,1845,NA,NA,17082,<50 & European
European,0,<50,1.9,228,0,13,34,10,175,1626,272,198,1845,NA,NA,17082,<50 & European
European,0,<50,2,186,0,12,32,9,133,1671,227,154,1845,NA,NA,17082,<50 & European
European,0,<50,2.1,153,0,11,28,6,120,1691,187,137,1845,NA,NA,17082,<50 & European
European,0,<50,2.2,129,0,9,25,5,115,1700,159,129,1845,NA,NA,17082,<50 & European
European,0,<50,2.3,100,0,7,20,4,111,1710,124,122,1845,NA,NA,17082,<50 & European
European,0,<50,2.4,79,0,7,17,4,105,1719,100,116,1845,NA,NA,17082,<50 & European
European,0,<50,2.5,71,0,4,14,3,99,1729,88,106,1845,NA,NA,17082,<50 & European
European,0,50+,0.5,0,34142,10578,0,5562,1176,0,39704,51458,6738,NA,NA,51458,50+ & European
European,0,50+,0.6,0,29239,15481,0,4883,1855,0,34122,51458,6738,NA,NA,51458,50+ & European
European,0,50+,0.7,378,24125,19725,2,4233,2501,2,28738,50584,6738,NA,NA,51458,50+ & European
European,0,50+,0.8,904,19481,23035,17,3628,3083,10,24030,49227,6738,NA,NA,51458,50+ & European
European,0,50+,0.9,1429,15404,25083,43,3093,3564,38,19969,47144,6738,NA,NA,51458,50+ & European
European,0,50+,1,1993,11833,25873,82,2592,3956,108,16500,44254,6738,NA,NA,51458,50+ & European
European,0,50+,1.1,2537,8838,25104,118,2134,4255,231,13627,40331,6738,NA,NA,51458,50+ & European
European,0,50+,1.2,3126,6286,22521,153,1715,4466,404,11280,34988,6738,NA,NA,51458,50+ & European
European,0,50+,1.3,3235,4639,20270,161,1416,4570,591,9451,30895,6738,NA,NA,51458,50+ & European
European,0,50+,1.4,3409,3220,17174,182,1157,4607,792,7968,26158,6738,NA,NA,51458,50+ & European
European,0,50+,1.5,3363,2121,14144,183,954,4605,996,6621,21824,6738,NA,NA,51458,50+ & European
European,0,50+,1.6,3210,1379,10429,183,780,4521,1254,5552,17109,6738,NA,NA,51458,50+ & European
European,0,50+,1.7,2900,934,8712,176,650,4498,1414,4660,14794,6738,NA,NA,51458,50+ & European
European,0,50+,1.8,2677,515,5711,169,549,4378,1642,3910,11153,6738,NA,NA,51458,50+ & European
European,0,50+,1.9,2371,340,4261,169,461,4254,1854,3341,9316,6738,NA,NA,51458,50+ & European
European,0,50+,2,2166,194,2634,158,387,4029,2164,2905,7244,6738,NA,NA,51458,50+ & European
European,0,50+,2.1,1922,125,1965,148,332,3834,2424,2527,6256,6738,NA,NA,51458,50+ & European
European,0,50+,2.2,1709,61,1119,148,268,3674,2648,2186,5122,6738,NA,NA,51458,50+ & European
European,0,50+,2.3,1492,40,799,135,223,3507,2873,1890,4569,6738,NA,NA,51458,50+ & European
European,0,50+,2.4,1318,21,403,122,191,3286,3139,1652,3901,6738,NA,NA,51458,50+ & European
European,0,50+,2.5,1165,7,185,108,166,3090,3374,1446,3448,6738,NA,NA,51458,50+ & European
European,1,<50,0.5,1587,10900,3183,43,2962,1016,264,15492,18061,4285,0.515763751030822,0.584588016,23224,<50 & European
European,1,<50,0.6,3038,7623,3492,73,2552,1277,383,13286,14944,4285,0.521402841667896,0.592678870047228,23224,<50 & European
European,1,<50,0.7,3696,5295,3463,115,2177,1501,492,11283,12436,4285,0.511998637763671,0.593402701778131,23224,<50 & European
European,1,<50,0.8,3914,3524,3235,129,1842,1664,650,9409,10265,4285,0.506680661390421,0.587420165836624,23224,<50 & European
European,1,<50,0.9,4019,2202,2712,144,1524,1812,805,7889,8250,4285,0.519381241,0.581390164775503,23224,<50 & European
European,1,<50,1,3925,1204,1966,164,1252,1893,976,6545,6315,4285,0.531433259978423,0.572651279,23224,<50 & European
European,1,<50,1.1,3654,612,1372,178,1045,1899,1163,5489,4928,4285,0.535086721,0.565956453870881,23224,<50 & European
European,1,<50,1.2,3240,311,900,167,863,1950,1305,4581,4024,4285,0.537664840335908,0.558555000735445,23224,<50 & European
European,1,<50,1.3,2846,158,529,167,719,1879,1520,3890,3285,4285,0.536916734090831,0.552312969481204,23224,<50 & European
European,1,<50,1.4,2381,103,429,187,566,1800,1732,3237,2898,4285,0.533326669563274,0.544840117008906,23224,<50 & European
European,1,<50,1.5,1960,72,349,196,436,1643,2010,2664,2500,4285,0.529353428,0.537655362,23224,<50 & European
European,1,<50,1.6,1650,48,313,242,301,1408,2334,2241,2070,4285,0.525510820474344,0.532704826081954,23224,<50 & European
European,1,<50,1.7,1370,38,284,256,194,1132,2703,1858,1648,4285,0.522133154164732,0.527269021267318,23224,<50 & European
European,1,<50,1.8,1139,28,241,261,117,842,3065,1545,1228,4285,0.518008241174876,0.523076842918091,23224,<50 & European
European,1,<50,1.9,964,22,219,239,81,686,3279,1306,1008,4285,0.515906113620335,0.520155867689005,23224,<50 & European
European,1,<50,2,822,16,190,204,67,603,3411,1109,876,4285,0.514352131315452,0.517231741562441,23224,<50 & European
European,1,<50,2.1,693,11,158,180,49,571,3485,933,789,4285,0.512976668778827,0.514613381047903,23224,<50 & European
European,1,<50,2.2,589,7,150,153,42,562,3528,791,761,4285,0.512608008732412,0.512375774984661,23224,<50 & European
European,1,<50,2.3,499,4,119,135,36,524,3590,674,683,4285,0.511133605494246,0.510881299269197,23224,<50 & European
European,1,<50,2.4,429,1,107,123,31,494,3637,584,633,4285,0.510232756343004,0.50964614241621,23224,<50 & European
European,1,<50,2.5,379,1,79,108,23,458,3696,511,561,4285,0.508975341550229,0.508425739325576,23224,<50 & European
European,1,50+,0.5,0,44582,4908,0,10158,813,0,54740,60461,10971,0.5,0.566898156650727,60461,50+ & European
European,1,50+,0.6,0,41244,8246,0,9511,1460,0,50755,60461,10971,0.5,0.588181436573698,60461,50+ & European
European,1,50+,0.7,979,36495,11506,22,8749,2192,8,46245,58942,10971,0.504069454004727,0.603199175675033,60461,50+ & European
European,1,50+,0.8,2045,31500,14648,52,7930,2966,23,41527,57044,10971,0.506580012031349,0.609928334074705,60461,50+ & European
European,1,50+,0.9,3322,26277,17266,105,7110,3702,54,36814,54355,10971,0.50857768020729,0.610412161043584,60461,50+ & European
European,1,50+,1,4609,21400,18819,144,6288,4420,119,32441,50927,10971,0.508845379624768,0.607955454,60461,50+ & European
European,1,50+,1.1,5987,16782,19115,189,5510,5078,194,28468,46485,10971,0.507461337923521,0.603015533637435,60461,50+ & European
European,1,50+,1.2,7705,12158,17592,293,4728,5583,367,24884,40061,10971,0.50867036720968,0.59618159885695,60461,50+ & European
European,1,50+,1.3,7914,9379,16633,331,4086,6023,531,21710,36121,10971,0.501483056,0.587705048530023,60461,50+ & European
European,1,50+,1.4,8172,6997,14998,370,3545,6341,715,19084,31881,10971,0.509480846531869,0.580398380081082,60461,50+ & European
European,1,50+,1.5,8111,4996,13091,432,3017,6633,889,16556,27737,10971,0.51732283490736,0.572580685369791,60461,50+ & European
European,1,50+,1.6,8078,3357,10410,456,2612,6706,1197,14503,23085,10971,0.524665816329546,0.56598991061763,60461,50+ & European
European,1,50+,1.7,7488,2450,9140,456,2245,6869,1401,12639,20704,10971,0.52746951,0.559242277687069,60461,50+ & European
European,1,50+,1.8,7262,1453,6419,493,1903,6792,1783,11111,16567,10971,0.528635740317815,0.553893529434184,60461,50+ & European
European,1,50+,1.9,6610,1004,5130,468,1638,6776,2089,9720,14548,10971,0.529788535070748,0.547919027079301,60461,50+ & European
European,1,50+,2,6109,606,3429,481,1356,6555,2579,8552,11946,10971,0.52840345566772,0.542496372667381,60461,50+ & European
European,1,50+,2.1,5487,429,2822,486,1157,6368,2960,7559,10776,10971,0.528327859165286,0.537957365758277,60461,50+ & European
European,1,50+,2.2,4978,257,1879,485,988,6165,3333,6708,9289,10971,0.52704937071498,0.534233153062972,60461,50+ & European
European,1,50+,2.3,4465,157,1408,471,855,5995,3650,5948,8415,10971,0.525194885135425,0.530824241803089,60461,50+ & European
European,1,50+,2.4,4021,97,936,472,741,5680,4078,5331,7454,10971,0.52373834364471,0.528034344645979,60461,50+ & European
European,1,50+,2.5,3645,56,619,448,628,5456,4439,4777,6759,10971,0.522392484933423,0.525454511306973,60461,50+ & European
European,2,<50,0.5,82,1238,367,4,372,113,10,1696,2090,499,0.541592640352043,0.61313743,2342,<50 & European
European,2,<50,0.6,173,962,455,8,320,148,23,1463,1885,499,0.559294841,0.618978447356604,2342,<50 & European
European,2,<50,0.7,251,688,501,16,258,194,31,1213,1641,499,0.57060268193476,0.609452586714147,2342,<50 & European
European,2,<50,0.8,309,466,457,20,203,229,47,998,1355,499,0.57496349801545,0.597915304997415,2342,<50 & European
European,2,<50,0.9,353,273,411,23,172,237,67,821,1093,499,0.575110825754229,0.586821856217525,2342,<50 & European
European,2,<50,1,357,148,280,23,134,251,91,662,813,499,0.569044367396086,0.573073208638175,2342,<50 & European
European,2,<50,1.1,337,78,172,25,108,253,113,548,611,499,0.559433644576305,0.564775312450289,2342,<50 & European
European,2,<50,1.2,302,32,101,26,81,257,135,441,471,499,0.551585405445237,0.554078878681431,2342,<50 & European
European,2,<50,1.3,268,13,55,22,67,256,154,370,391,499,0.549668145143269,0.547555714331565,2342,<50 & European
European,2,<50,1.4,233,11,47,21,52,246,180,317,356,499,0.546937732708588,0.542826478919035,2342,<50 & European
European,2,<50,1.5,204,6,40,19,38,230,212,267,314,499,0.5425665181991,0.537303463446673,2342,<50 & European
European,2,<50,1.6,174,3,36,22,26,202,249,225,267,499,0.53794741614542,0.532493190278949,2342,<50 & European
European,2,<50,1.7,147,3,30,22,17,161,299,189,211,499,0.531699585192677,0.527617427006779,2342,<50 & European
European,2,<50,1.8,119,3,24,22,12,112,353,156,151,499,0.523807478,0.523118706763408,2342,<50 & European
European,2,<50,1.9,104,1,22,24,10,90,375,139,123,499,0.520464032884631,0.521713894,2342,<50 & European
European,2,<50,2,86,0,20,20,9,78,392,115,107,499,0.518336054422177,0.517907244215399,2342,<50 & European
European,2,<50,2.1,67,0,15,15,8,70,406,90,93,499,0.51584475585739,0.51374074877286,2342,<50 & European
European,2,<50,2.2,58,0,14,15,7,64,413,80,85,499,0.514370978545142,0.512425397522434,2342,<50 & European
European,2,<50,2.3,48,0,10,13,5,62,419,66,77,499,0.512867930655678,0.510460969347532,2342,<50 & European
European,2,<50,2.4,44,0,10,13,5,59,422,62,74,499,0.512403075895232,0.510309492235723,2342,<50 & European
European,2,<50,2.5,41,0,6,12,3,52,432,56,61,499,0.509920376031182,0.509379782714832,2342,<50 & European
European,2,50+,0.5,0,5110,746,0,1323,103,0,6433,7282,1426,0.5,0.555915222093541,7282,50+ & European
European,2,50+,0.6,0,4649,1207,0,1238,188,0,5887,7282,1426,0.5,0.572663929483923,7282,50+ & European
European,2,50+,0.7,40,4128,1647,0,1116,310,0,5284,7201,1426,0.502930703818642,0.583574977816068,7282,50+ & European
European,2,50+,0.8,120,3533,2079,0,1018,407,1,4671,7037,1426,0.504855571651489,0.587230937993135,7282,50+ & European
European,2,50+,0.9,250,2880,2440,6,899,517,4,4035,6736,1426,0.504427979806721,0.583020981297157,7282,50+ & European
European,2,50+,1,401,2301,2615,15,776,625,10,3493,6317,1426,0.503739564569069,0.579513031423627,7282,50+ & European
European,2,50+,1.1,525,1811,2606,21,682,707,16,3039,5806,1426,0.50677151542002,0.576256246991798,7282,50+ & European
European,2,50+,1.2,689,1342,2355,34,584,767,41,2649,5048,1426,0.506641500022486,0.572282895422061,7282,50+ & European
European,2,50+,1.3,764,964,2138,49,502,808,67,2279,4412,1426,0.50274247651474,0.56464956197522,7282,50+ & European
European,2,50+,1.4,805,680,1828,56,425,843,102,1966,3776,1426,0.505100983420145,0.557568023386685,7282,50+ & European
European,2,50+,1.5,806,472,1488,56,356,876,138,1690,3192,1426,0.507114123165474,0.551705529596835,7282,50+ & European
European,2,50+,1.6,785,308,1073,64,300,862,200,1457,2543,1426,0.508366251584168,0.546094289315112,7282,50+ & European
European,2,50+,1.7,730,225,914,58,259,872,237,1272,2270,1426,0.51211547410442,0.542058997693716,7282,50+ & European
European,2,50+,1.8,701,132,639,60,221,852,293,1114,1844,1426,0.518243635,0.538497826344519,7282,50+ & European
European,2,50+,1.9,624,85,503,60,187,842,337,956,1617,1426,0.520506765908524,0.533177939149389,7282,50+ & European
European,2,50+,2,562,46,308,58,158,793,417,824,1305,1426,0.519217003771239,0.528350959730277,7282,50+ & European
European,2,50+,2.1,489,32,256,67,127,778,454,715,1193,1426,0.521126870956504,0.524539650380993,7282,50+ & European
European,2,50+,2.2,434,12,164,65,107,744,510,618,1027,1426,0.520747598223125,0.521192773997249,7282,50+ & European
European,2,50+,2.3,404,6,127,60,94,719,553,564,946,1426,0.520559253497323,0.52036113339844,7282,50+ & European
European,2,50+,2.4,349,4,80,56,78,686,606,487,848,1426,0.520321063175447,0.517386689922465,7282,50+ & European
European,2,50+,2.5,308,2,51,53,68,657,648,431,778,1426,0.519916339245487,0.515543224821017,7282,50+ & European
